{
  "challenge": "challenge-24_13.qasm",
  "n_qubits": 24,
  "n_ops_after_precond": 187,
  "snapped_gates": 0,
  "params": {
    "max_bond": 8192,
    "cutoff": 0.002,
    "unswap_threshold": 1000000.0,
    "center_ratio": 0.5,
    "max_its": 16,
    "seed": 123,
    "snap_tol": 0.0,
    "consolidate": true,
    "use_graph": true,
    "use_gpu": false,
    "sabre_trials": 1000
  },
  "converged": true,
  "stopped_reason": "complete",
  "remaining_layers": 0,
  "remaining_left": 0,
  "remaining_right": 0,
  "forced_absorptions": 0,
  "graph_ordering_calls": 0,
  "max_bond_seen": 256,
  "mpo_max_bond": 64,
  "compress_seconds": 1161.3,
  "readout_seconds": 0.1,
  "sample_top_fraction": 0.68725,
  "sample_distinct": 88,
  "sample_orderings": {
    "raw": "001011111011011011011010",
    "raw_rev": "010110110110110111110100",
    "perm": "110110111000101111001011",
    "perm_rev": "110100111101000111011011"
  },
  "sample_top5": [
    [
      "001011111011011011011010",
      2749
    ],
    [
      "001011111011011011001110",
      232
    ],
    [
      "001011111001111011011010",
      128
    ],
    [
      "001011101010011011011010",
      121
    ],
    [
      "001111111011011011011010",
      97
    ]
  ],
  "marginal_orderings": {
    "raw": "001011111011011011011010",
    "raw_rev": "010110110110110111110100",
    "perm": "110110111000101111001011",
    "perm_rev": "110100111101000111011011"
  },
  "marginal_min_margin": 0.41036228028776844,
  "marginal_mean_margin": 0.4748305478289674,
  "marginal_undecided": 0,
  "marginal_p0s": [
    1.0,
    0.9999,
    0.0366,
    0.9294,
    0.0,
    0.0,
    0.0171,
    0.0418,
    0.0638,
    0.9996,
    0.0504,
    0.0665,
    0.9515,
    0.0002,
    0.0004,
    0.9989,
    0.0,
    0.0001,
    0.9733,
    0.088,
    0.0017,
    0.9104,
    0.0002,
    1.0
  ],
  "total_seconds": 1182.3,
  "validation": {
    "known_answer": "111110011111001011010001",
    "matches": {},
    "solved": false
  },
  "status": "ok",
  "label": "c2e-3_nosnap",
  "wall_seconds": 1182.3
}