{
  "challenge": "challenge-48_8.qasm",
  "n_qubits": 48,
  "n_ops_after_precond": 83,
  "snapped_gates": 94,
  "params": {
    "max_bond": 8192,
    "cutoff": 0.0001,
    "unswap_threshold": 1000000.0,
    "center_ratio": 0.5,
    "max_its": 12,
    "seed": 123,
    "snap_tol": 0.01,
    "consolidate": true,
    "use_graph": true,
    "use_gpu": false,
    "sabre_trials": 30
  },
  "converged": true,
  "stopped_reason": "complete",
  "remaining_layers": 0,
  "remaining_left": 0,
  "remaining_right": 0,
  "forced_absorptions": 0,
  "graph_ordering_calls": 0,
  "max_bond_seen": 32,
  "mpo_max_bond": 16,
  "compress_seconds": 5.0,
  "readout_seconds": 0.0,
  "sample_top_fraction": 0.697625,
  "sample_distinct": 104,
  "sample_orderings": {
    "raw": "011100101111000101000000101000111100101111111100",
    "raw_rev": "001111111101001111000101000000101000111101001110",
    "perm": "001010011100110101001111111100100111011001001000",
    "perm_rev": "000100100110111001001111111100101011001110010100"
  },
  "sample_top5": [
    [
      "011100101111000101000000101000111100101111111100",
      5581
    ],
    [
      "011100011111000101000000101000111100101111111100",
      515
    ],
    [
      "011100101111000101100000101000111100101111111100",
      396
    ],
    [
      "011100101110000101000000101000111100101111111100",
      297
    ],
    [
      "011100101111000101000000101000111100101111011100",
      237
    ]
  ],
  "marginal_orderings": {
    "raw": "011100101111000101000000101000111100101111111100",
    "raw_rev": "001111111101001111000101000000101000111101001110",
    "perm": "001010011100110101001111111100100111011001001000",
    "perm_rev": "000100100110111001001111111100101011001110010100"
  },
  "marginal_min_margin": 0.4083857239939094,
  "marginal_mean_margin": 0.4907611624451591,
  "marginal_undecided": 0,
  "marginal_p0s": [
    0.991,
    0.038,
    0.0026,
    0.0,
    1.0,
    0.9928,
    0.0916,
    0.9098,
    0.0064,
    0.0,
    0.0,
    0.0495,
    1.0,
    0.997,
    0.9718,
    0.0002,
    1.0,
    0.0021,
    0.9352,
    0.9997,
    1.0,
    0.9994,
    1.0,
    1.0,
    0.0,
    1.0,
    0.0,
    1.0,
    0.9994,
    0.9973,
    0.0005,
    0.0013,
    0.0,
    0.0,
    1.0,
    1.0,
    0.0031,
    1.0,
    0.0,
    0.0,
    0.0008,
    0.0,
    0.0381,
    0.0,
    0.0004,
    0.0,
    0.9982,
    0.9996
  ],
  "total_seconds": 170.1,
  "status": "ok",
  "label": "cpu_fast_c1e-4_sab30_val48_8",
  "wall_seconds": 170.1
}