{
  "challenge": "challenge-64_41.qasm",
  "n_qubits": 64,
  "n_ops_after_precond": 1273,
  "snapped_gates": 1721,
  "params": {
    "max_bond": 8192,
    "cutoff": 0.002,
    "unswap_threshold": 1000000.0,
    "center_ratio": 0.5,
    "max_its": 16,
    "seed": 123,
    "snap_tol": 0.01,
    "consolidate": true,
    "use_graph": true,
    "use_gpu": false,
    "sabre_trials": 1000
  },
  "converged": false,
  "stopped_reason": "time_budget",
  "remaining_layers": 1808,
  "remaining_left": 943,
  "remaining_right": 865,
  "forced_absorptions": 0,
  "graph_ordering_calls": 0,
  "max_bond_seen": 256,
  "mpo_max_bond": 10,
  "compress_seconds": 13525.2,
  "readout_seconds": 2239.4,
  "sample_top_fraction": 0.00025,
  "sample_distinct": 7999,
  "sample_orderings": {
    "raw": "1010111001110111101100000000101011000001010101011001011000011100",
    "raw_rev": "0011100001101001101010101000001101010000000011011110111001110101",
    "perm": "1100111100011001001100000001001110111000101110001100100011001101",
    "perm_rev": "1011001100010011000111010001110111001000000011001001100011110011"
  },
  "sample_top5": [
    [
      "1010111001110111101100000000101011000001010101011001011000011100",
      2
    ],
    [
      "1110110101110010001000000001111011010001010100011000011100011000",
      1
    ],
    [
      "1110011101110111000000100000110111000101110010001001011000100100",
      1
    ],
    [
      "0010111001110011101001100000111011000001010101001001001000001000",
      1
    ],
    [
      "1100111001110011001110000000100111000001111100001001001000000000",
      1
    ]
  ],
  "marginal_orderings": {
    "raw": "1110111001110111101001000000101011000001110100001001011000011000",
    "raw_rev": "0001100001101001000010111000001101010000001001011110111001110111",
    "perm": "0100111100001000101100000001001110111101101010001100100011001101",
    "perm_rev": "1011001100010011000101011011110111001000000011010001000011110010"
  },
  "marginal_min_margin": 3.815725487554822e-05,
  "marginal_mean_margin": 0.3420633589088964,
  "marginal_undecided": 5,
  "marginal_p0s": [
    0.1624,
    0.4991,
    0.2399,
    0.995,
    0.0464,
    0.0513,
    0.2476,
    0.811,
    0.9999,
    0.0523,
    0.1076,
    0.0443,
    0.9696,
    0.3667,
    0.0002,
    0.158,
    0.4047,
    0.9968,
    0.1656,
    0.559,
    0.7092,
    0.4911,
    0.8252,
    0.8441,
    0.8779,
    0.9851,
    0.9822,
    0.9803,
    0.0096,
    0.6423,
    0.2134,
    0.8843,
    0.1125,
    0.0212,
    0.6756,
    0.8118,
    0.9968,
    0.9498,
    0.9593,
    0.1798,
    0.5,
    0.0146,
    0.6155,
    0.0773,
    0.9494,
    0.6844,
    0.9998,
    0.6563,
    0.0868,
    0.9998,
    0.9759,
    0.3062,
    0.9457,
    0.2421,
    0.0354,
    0.8945,
    0.9438,
    0.9783,
    0.9315,
    0.3251,
    0.4755,
    0.5055,
    0.9985,
    0.9946
  ],
  "total_seconds": 15928.8,
  "status": "ok",
  "label": "cpu_c2e-03_snap_s123",
  "wall_seconds": 15928.8
}