{
  "challenge": "challenge-48_37.qasm",
  "n_qubits": 48,
  "n_ops_after_precond": 1292,
  "snapped_gates": 1705,
  "params": {
    "max_bond": 8192,
    "cutoff": 0.002,
    "unswap_threshold": 1000000.0,
    "center_ratio": 0.5,
    "max_its": 16,
    "seed": 123,
    "snap_tol": 0.01,
    "consolidate": true,
    "use_graph": true,
    "use_gpu": false,
    "sabre_trials": 1000
  },
  "converged": false,
  "stopped_reason": "time_budget",
  "remaining_layers": 1867,
  "remaining_left": 838,
  "remaining_right": 1029,
  "forced_absorptions": 0,
  "graph_ordering_calls": 0,
  "max_bond_seen": 256,
  "mpo_max_bond": 220,
  "compress_seconds": 12759.0,
  "readout_seconds": 3652.1,
  "sample_top_fraction": 0.000125,
  "sample_distinct": 8000,
  "sample_orderings": {
    "raw": "001000001110111010010101010111000110010110110100",
    "raw_rev": "001011011010011000111010101010010111011100000100",
    "perm": "010110001010110100101001011100001101011010100101",
    "perm_rev": "101001010110101100001110100101001011010100011010"
  },
  "sample_top5": [
    [
      "001000001110111010010101010111000110010110110100",
      1
    ],
    [
      "001000001110111010000101100110100010001010100101",
      1
    ],
    [
      "010100001111111100010100110001101010001010010101",
      1
    ],
    [
      "011100011010111010100101110111000110111110110000",
      1
    ],
    [
      "010100001011111010010100100001101010011010100101",
      1
    ]
  ],
  "marginal_orderings": {
    "raw": "001100001010111010010101100010100010000110100101",
    "raw_rev": "101001011000010001010001101010010111010100001100",
    "perm": "010100001010100100001001000000011101011111101001",
    "perm_rev": "100101111110101110000000100100001001010100001010"
  },
  "marginal_min_margin": 1.453536877837891e-05,
  "marginal_mean_margin": 0.24291448613984704,
  "marginal_undecided": 8,
  "marginal_p0s": [
    0.8964,
    0.7238,
    0.4032,
    0.403,
    0.8412,
    0.956,
    0.8814,
    0.8865,
    0.2771,
    0.5028,
    0.0314,
    0.6174,
    0.0562,
    0.1831,
    0.2465,
    0.8451,
    0.1404,
    0.6286,
    0.8869,
    0.1615,
    0.9313,
    0.0809,
    0.8319,
    0.4801,
    0.4046,
    0.5008,
    0.7723,
    0.5032,
    0.5,
    0.59,
    0.1065,
    0.6391,
    0.5708,
    0.7736,
    0.1688,
    0.8929,
    0.5007,
    0.502,
    0.7777,
    0.5,
    0.1909,
    0.923,
    0.1501,
    0.7676,
    0.8102,
    0.3454,
    0.5934,
    0.0573
  ],
  "total_seconds": 16567.4,
  "status": "ok",
  "label": "cpu_c2e-03_snap_s123",
  "wall_seconds": 16567.4
}