{
  "checkpoint_dir": "agent_work/checkpoint_unswap_48_42_continue",
  "cutoff": 0.005,
  "elapsed_seconds": 284.5245775000003,
  "final_candidate_qiskit_order": "111001000111101101110110000101111111010100000001",
  "final_perm": [
    31,
    7,
    22,
    38,
    8,
    23,
    10,
    29,
    30,
    40,
    28,
    26,
    11,
    4,
    33,
    20,
    37,
    34,
    46,
    21,
    35,
    14,
    41,
    0,
    39,
    16,
    15,
    18,
    24,
    47,
    2,
    42,
    6,
    32,
    45,
    17,
    19,
    1,
    9,
    5,
    27,
    36,
    12,
    25,
    13,
    43,
    44,
    3
  ],
  "left_unitary_layers": 3555,
  "max_bond": 64,
  "mps_info": {
    "max_bond": 23,
    "max_links": 3,
    "max_tensor_elems": 882,
    "num_tensors": 48,
    "total_elems": 16744
  },
  "p0s_raw_site_order": [
    0.6254452906403798,
    0.3656956728875483,
    0.4580796585867071,
    0.2538015180973557,
    0.26434493366965306,
    0.51955450499417,
    0.4984952174007339,
    0.5662693312328352,
    0.5064839709683687,
    0.4346947795226821,
    0.5286444919010661,
    0.15130985545180736,
    0.494296006628221,
    0.5039959059672949,
    0.6569261357090297,
    0.02138921007920008,
    0.4498030963364473,
    0.48798368284429494,
    0.655718564798029,
    0.412914315082826,
    0.45367409003169684,
    0.5810589336954471,
    0.9899010252982627,
    0.6631936274012902,
    0.422020588352227,
    0.5012310395007372,
    0.998982110644736,
    0.6393214127815824,
    0.4122326245574892,
    0.5596916056949122,
    0.4951432958289646,
    0.45150210060897533,
    0.48015234824272657,
    0.4879867135383352,
    0.0788785445068506,
    0.3510272997845519,
    0.7455351075312601,
    0.4318903638706308,
    0.5060441714601368,
    0.5826433324608679,
    0.6099596426646564,
    0.5359115596428401,
    0.5514545636229706,
    0.14878091911730398,
    0.37334157205539936,
    0.5481885975319836,
    0.33833053735713425,
    0.4995585688068143
  ],
  "p1_margin_max": 0.49898211064473597,
  "p1_margin_mean": 0.12205890443533918,
  "p1_margin_min": 0.0004414311931857373,
  "raw_site_order": "011110100101100111011000100010111111010000011011",
  "right_unitary_layers": 3227,
  "source_cycles": 86,
  "source_total_u_consumed": 26392,
  "status": "ok",
  "variants": {
    "inverse_permuted_order": "011100111011010001001110111000001011011110101100",
    "inverse_permuted_order_reversed": "001101011110110100000111011100100010110111001110",
    "permuted_measurement_order": "100000001010111111101000011011101101111000100111",
    "permuted_measurement_order_reversed_qiskit": "111001000111101101110110000101111111010100000001",
    "raw_site_order": "011110100101100111011000100010111111010000011011",
    "raw_site_order_reversed": "110110000010111111010001000110111001101001011110"
  }
}
