{
  "checkpoint_dir": "agent_work/checkpoint_unswap_48_42_continue",
  "cutoff": 0.01,
  "elapsed_seconds": 186.9708486669988,
  "final_candidate_qiskit_order": "111110101111010100010111011101011010001101011010",
  "final_perm": [
    31,
    7,
    22,
    38,
    8,
    23,
    10,
    29,
    30,
    40,
    28,
    26,
    11,
    4,
    33,
    20,
    37,
    34,
    46,
    21,
    35,
    14,
    41,
    0,
    39,
    16,
    15,
    18,
    24,
    47,
    2,
    42,
    6,
    32,
    45,
    17,
    19,
    1,
    9,
    5,
    27,
    36,
    12,
    25,
    13,
    43,
    44,
    3
  ],
  "left_unitary_layers": 3555,
  "max_bond": 32,
  "mps_info": {
    "max_bond": 23,
    "max_links": 3,
    "max_tensor_elems": 1058,
    "num_tensors": 48,
    "total_elems": 6418
  },
  "p0s_raw_site_order": [
    0.8037717004907067,
    0.27546097099237316,
    0.5513653089363728,
    0.30272363911156686,
    0.31364603920452183,
    0.3945122524600504,
    0.48317686990564884,
    0.4583079258109131,
    0.4893101592290201,
    0.4621226518049979,
    0.44494582831411605,
    0.5033692843448627,
    0.5011060517626806,
    0.4870870994742979,
    0.3418404020003137,
    0.49114431272781883,
    0.20641173229766505,
    0.6868479550661103,
    0.7630102153341818,
    0.497827692730844,
    0.4613841932280057,
    0.7615663952688285,
    0.6018989645240562,
    0.7208122668780164,
    0.35143710845412923,
    0.4736849761116569,
    0.968992729282187,
    0.7130682150632723,
    0.6290695336034818,
    0.5120149274420905,
    0.4901557343791293,
    0.5421171539934706,
    0.5069068680338984,
    0.5015956736489972,
    0.96870578644579,
    0.4490186740074986,
    0.4917085446781498,
    0.3916839649082009,
    0.4969700194308519,
    0.47259129593013977,
    0.4668279932129365,
    0.49226673284243033,
    0.6270441268244017,
    0.1678951853765847,
    0.29567717394820847,
    0.41664456259340704,
    0.13372422442828227,
    0.5462166086773717
  ],
  "p1_margin_max": 0.46899272928218705,
  "p1_margin_mean": 0.11894357929222954,
  "p1_margin_min": 0.0011060517626806377,
  "raw_site_order": "010111111110011110011000110000100001111111011110",
  "right_unitary_layers": 3227,
  "source_cycles": 86,
  "source_total_u_consumed": 26392,
  "status": "ok",
  "variants": {
    "inverse_permuted_order": "011011011110010011011101010111100101111110011000",
    "inverse_permuted_order_reversed": "000110011111101001111010101110110010011110110110",
    "permuted_measurement_order": "010110101100010110101110111010001010111101011111",
    "permuted_measurement_order_reversed_qiskit": "111110101111010100010111011101011010001101011010",
    "raw_site_order": "010111111110011110011000110000100001111111011110",
    "raw_site_order_reversed": "011110111111100001000011000110011110011111111010"
  }
}
