{
  "checkpoint_dir": "agent_work/checkpoint_unswap_48_42_continue",
  "cutoff": 0.01,
  "elapsed_seconds": 394.9799794999999,
  "final_candidate_qiskit_order": "011001101110010110000100110111100000000000001110",
  "final_perm": [
    5,
    41,
    33,
    26,
    40,
    39,
    31,
    3,
    4,
    27,
    36,
    2,
    47,
    46,
    17,
    14,
    30,
    19,
    6,
    34,
    15,
    35,
    29,
    43,
    18,
    11,
    42,
    20,
    23,
    0,
    45,
    7,
    24,
    12,
    10,
    21,
    13,
    44,
    25,
    32,
    1,
    16,
    38,
    22,
    37,
    8,
    9,
    28
  ],
  "left_unitary_layers": 3601,
  "max_bond": 32,
  "mps_info": {
    "max_bond": 18,
    "max_links": 3,
    "max_tensor_elems": 480,
    "num_tensors": 48,
    "total_elems": 7504
  },
  "p0s_raw_site_order": [
    0.6546525615334576,
    0.6520520022736469,
    0.9608278485545151,
    0.5353668911760567,
    0.5201657976838013,
    0.5023922436162399,
    0.4002894913053019,
    0.3967758754211287,
    0.37693914402894824,
    0.40829574612369246,
    0.32943637784640084,
    0.5135866123370775,
    0.6933108051965559,
    0.6940775199411122,
    0.5435259439261892,
    0.4620168969241052,
    0.3739232291159901,
    0.6161451060165534,
    0.6107047685918597,
    0.1303223696681595,
    0.5808375737607384,
    0.5181291389263825,
    0.7491351686800407,
    0.6382436885687828,
    0.4067685457883501,
    0.386941061406664,
    0.49231121299783603,
    0.5327043998137606,
    0.8158373356670588,
    0.4347223197716275,
    0.644420361808928,
    0.5560042983447743,
    0.4581893550486694,
    0.005882949670699946,
    0.3020160085580875,
    0.5633888430122489,
    0.7134644055327304,
    0.9170014746245219,
    0.13825723430414474,
    0.505129241858556,
    0.5410689924574431,
    0.34838501818028134,
    0.042799121385555104,
    0.4614316556126644,
    0.35228958539977345,
    0.500932292722062,
    0.5236181389664263,
    0.6243930688507587
  ],
  "p1_margin_max": 0.4941170503293001,
  "p1_margin_mean": 0.13985673595592082,
  "p1_margin_min": 0.000932292722061967,
  "raw_site_order": "000000111110000110010000111001001110001001111000",
  "right_unitary_layers": 3449,
  "source_cycles": 81,
  "source_total_u_consumed": 23755,
  "status": "ok",
  "variants": {
    "inverse_permuted_order": "100110000011101010100010110100110010111000100000",
    "inverse_permuted_order_reversed": "000001000111010011001011010001010101110000011001",
    "permuted_measurement_order": "011100000000000001111011001000011010011101100110",
    "permuted_measurement_order_reversed_qiskit": "011001101110010110000100110111100000000000001110",
    "raw_site_order": "000000111110000110010000111001001110001001111000",
    "raw_site_order_reversed": "000111100100011100100111000010011000011111000000"
  }
}
