{
  "challenge": "challenge-64_40.qasm",
  "n_qubits": 64,
  "n_ops_after_precond": 1275,
  "snapped_gates": 1722,
  "params": {
    "max_bond": 8192,
    "cutoff": 0.002,
    "unswap_threshold": 1000000.0,
    "center_ratio": 0.5,
    "max_its": 16,
    "seed": 123,
    "snap_tol": 0.01,
    "consolidate": true,
    "use_graph": true,
    "use_gpu": false,
    "sabre_trials": 1000
  },
  "converged": false,
  "stopped_reason": "time_budget",
  "remaining_layers": 1802,
  "remaining_left": 935,
  "remaining_right": 867,
  "forced_absorptions": 0,
  "graph_ordering_calls": 0,
  "max_bond_seen": 290,
  "mpo_max_bond": 82,
  "compress_seconds": 12872.8,
  "readout_seconds": 2565.2,
  "sample_top_fraction": 0.000125,
  "sample_distinct": 8000,
  "sample_orderings": {
    "raw": "1001010011010110100011110111101010101111100000100001110100010100",
    "raw_rev": "0010100010111000010000011111010101011110111100010110101100101001",
    "perm": "0111000010011110111100111010000110011010011011110100011100000100",
    "perm_rev": "0010000011100010111101100101100110000101110011110111100100001110"
  },
  "sample_top5": [
    [
      "1001010011010110100011110111101010101111100000100001110100010100",
      1
    ],
    [
      "1001011000010100101011110010101011000111110010000000110101000001",
      1
    ],
    [
      "1000011100010100110011100010101010111101000010100000111011000000",
      1
    ],
    [
      "1000010111110111101111100111101010010111000101110100110100010000",
      1
    ],
    [
      "1001010111111110010011100010101011110100110100110000110101000010",
      1
    ]
  ],
  "marginal_orderings": {
    "raw": "1001011001010110101011100110101011111101110101100100110101010000",
    "raw_rev": "0000101010110010011010111011111101010110011101010110101001101001",
    "perm": "0011001010011110111001011110000100001010111010110101111100100111",
    "perm_rev": "1110010011111010110101110101000010000111101001110111100101001100"
  },
  "marginal_min_margin": 4.440892098500626e-16,
  "marginal_mean_margin": 0.2600958535823831,
  "marginal_undecided": 16,
  "marginal_p0s": [
    0.0337,
    0.9846,
    0.96,
    0.4828,
    0.9931,
    0.0484,
    0.5,
    0.5,
    0.5052,
    0.4627,
    0.5102,
    0.0538,
    0.8814,
    0.061,
    0.3614,
    0.8573,
    0.2555,
    0.5288,
    0.2356,
    0.6395,
    0.0,
    0.1618,
    0.0138,
    0.5015,
    0.9481,
    0.4996,
    0.0449,
    0.5014,
    0.0018,
    0.8283,
    0.2169,
    0.9876,
    0.0274,
    0.2144,
    0.3332,
    0.3024,
    0.4514,
    0.0124,
    0.5884,
    0.151,
    0.46,
    0.5,
    0.9689,
    0.4349,
    0.5126,
    0.4892,
    0.2366,
    0.6834,
    0.5755,
    0.3079,
    1.0,
    0.6022,
    0.166,
    0.1309,
    0.6692,
    0.3614,
    0.9307,
    0.1784,
    0.9996,
    0.454,
    0.9023,
    0.8784,
    0.945,
    0.9082
  ],
  "total_seconds": 15644.9,
  "status": "ok",
  "label": "cpu_c2e-03_snap_s123",
  "wall_seconds": 15644.9
}