{
  "graph": {
    "degree_max": 28,
    "degree_mean": 19.416666666666668,
    "degree_min": 12,
    "density": 0.41312056737588654,
    "edge_count": 466,
    "op_counts": {
      "cx": 1481,
      "rx": 918,
      "rz": 1106
    },
    "order_summaries": [
      {
        "duplicate_of": null,
        "method": "rcm",
        "order_prefix": [
          43,
          2,
          23,
          11,
          6,
          33,
          20,
          27,
          13,
          21,
          42,
          7,
          16,
          40,
          3,
          14,
          46,
          5,
          22,
          32
        ],
        "span_stats": {
          "edge_span_max": 39,
          "edge_span_mean": 14.978540772532188,
          "weighted_edge_span_mean": 14.841998649561107
        },
        "tree_depth": null
      },
      {
        "duplicate_of": null,
        "method": "spectral",
        "order_prefix": [
          37,
          18,
          25,
          15,
          41,
          29,
          8,
          45,
          19,
          23,
          36,
          9,
          40,
          17,
          33,
          27,
          43,
          16,
          4,
          11
        ],
        "span_stats": {
          "edge_span_max": 44,
          "edge_span_mean": 13.356223175965665,
          "weighted_edge_span_mean": 12.567184334908845
        },
        "tree_depth": null
      },
      {
        "duplicate_of": null,
        "method": "mincut",
        "order_prefix": [
          9,
          31,
          8,
          43,
          27,
          23,
          29,
          33,
          11,
          16,
          46,
          19,
          36,
          41,
          17,
          45,
          37,
          18,
          5,
          4
        ],
        "span_stats": {
          "edge_span_max": 47,
          "edge_span_mean": 15.126609442060087,
          "weighted_edge_span_mean": 15.067521944632006
        },
        "tree_depth": 6
      },
      {
        "duplicate_of": null,
        "method": "greedy",
        "order_prefix": [
          28,
          3,
          25,
          23,
          4,
          7,
          20,
          5,
          8,
          11,
          33,
          39,
          31,
          35,
          36,
          38,
          2,
          44,
          32,
          12
        ],
        "span_stats": {
          "edge_span_max": 46,
          "edge_span_mean": 15.103004291845494,
          "weighted_edge_span_mean": 13.48885887913572
        },
        "tree_depth": null
      }
    ],
    "pair_counts": {
      "0-1": 3,
      "0-12": 1,
      "0-13": 4,
      "0-14": 5,
      "0-17": 1,
      "0-19": 1,
      "0-21": 4,
      "0-22": 1,
      "0-26": 2,
      "0-27": 7,
      "0-28": 1,
      "0-3": 2,
      "0-30": 2,
      "0-34": 2,
      "0-36": 2,
      "0-40": 7,
      "0-44": 1,
      "0-45": 5,
      "0-46": 2,
      "1-15": 1,
      "1-19": 2,
      "1-22": 1,
      "1-24": 2,
      "1-25": 2,
      "1-26": 2,
      "1-32": 1,
      "1-34": 1,
      "1-36": 2,
      "1-38": 2,
      "1-41": 3,
      "1-45": 2,
      "1-46": 1,
      "1-5": 5,
      "1-9": 2,
      "10-11": 1,
      "10-12": 5,
      "10-16": 8,
      "10-17": 1,
      "10-21": 2,
      "10-24": 2,
      "10-26": 6,
      "10-30": 3,
      "10-31": 1,
      "10-32": 2,
      "10-33": 4,
      "10-35": 1,
      "10-36": 2,
      "10-38": 1,
      "10-39": 5,
      "10-41": 5,
      "10-42": 4,
      "10-45": 8,
      "10-46": 5,
      "11-12": 3,
      "11-14": 6,
      "11-17": 1,
      "11-18": 2,
      "11-22": 5,
      "11-27": 5,
      "11-28": 2,
      "11-29": 2,
      "11-32": 2,
      "11-33": 11,
      "11-34": 1,
      "11-35": 4,
      "11-38": 8,
      "11-39": 4,
      "11-40": 3,
      "11-45": 1,
      "12-13": 1,
      "12-17": 2,
      "12-19": 1,
      "12-21": 3,
      "12-22": 1,
      "12-28": 6,
      "12-31": 2,
      "12-32": 7,
      "12-37": 1,
      "12-38": 2,
      "12-39": 1,
      "12-45": 3,
      "12-46": 4,
      "12-47": 5,
      "13-16": 6,
      "13-22": 1,
      "13-23": 1,
      "13-27": 5,
      "13-28": 4,
      "13-30": 4,
      "13-31": 1,
      "13-32": 5,
      "13-40": 3,
      "13-42": 4,
      "13-44": 2,
      "13-47": 2,
      "14-15": 2,
      "14-21": 2,
      "14-24": 2,
      "14-26": 2,
      "14-28": 2,
      "14-32": 6,
      "14-34": 5,
      "14-38": 1,
      "14-41": 2,
      "14-45": 1,
      "15-16": 3,
      "15-18": 7,
      "15-20": 2,
      "15-21": 2,
      "15-24": 2,
      "15-25": 5,
      "15-29": 3,
      "15-34": 2,
      "15-38": 3,
      "15-41": 3,
      "15-42": 6,
      "15-45": 2,
      "15-46": 3,
      "16-17": 1,
      "16-18": 1,
      "16-20": 1,
      "16-25": 2,
      "16-27": 3,
      "16-28": 2,
      "16-29": 4,
      "16-30": 4,
      "16-33": 6,
      "16-34": 1,
      "16-38": 2,
      "16-39": 2,
      "16-41": 2,
      "16-42": 2,
      "16-43": 9,
      "16-45": 1,
      "16-46": 4,
      "17-22": 1,
      "17-24": 10,
      "17-25": 5,
      "17-27": 3,
      "17-28": 3,
      "17-30": 3,
      "17-33": 2,
      "17-34": 4,
      "17-35": 2,
      "17-37": 2,
      "17-41": 3,
      "17-43": 2,
      "17-44": 6,
      "17-45": 5,
      "17-46": 9,
      "18-19": 2,
      "18-23": 1,
      "18-25": 5,
      "18-27": 2,
      "18-29": 2,
      "18-33": 2,
      "18-37": 4,
      "18-40": 1,
      "19-20": 4,
      "19-21": 2,
      "19-22": 7,
      "19-28": 3,
      "19-29": 3,
      "19-33": 3,
      "19-35": 4,
      "19-37": 1,
      "19-43": 1,
      "19-46": 6,
      "19-47": 3,
      "2-15": 1,
      "2-17": 4,
      "2-22": 2,
      "2-28": 4,
      "2-31": 5,
      "2-32": 6,
      "2-35": 2,
      "2-38": 5,
      "2-40": 2,
      "2-42": 2,
      "2-44": 9,
      "2-45": 2,
      "2-46": 2,
      "2-9": 2,
      "20-24": 4,
      "20-31": 4,
      "20-32": 2,
      "20-38": 3,
      "20-39": 4,
      "20-40": 2,
      "20-47": 1,
      "21-24": 4,
      "21-28": 4,
      "21-29": 2,
      "21-30": 4,
      "21-42": 4,
      "21-45": 2,
      "21-46": 2,
      "22-24": 4,
      "22-28": 7,
      "22-29": 3,
      "22-31": 4,
      "22-33": 2,
      "22-35": 1,
      "22-38": 2,
      "22-42": 2,
      "22-44": 1,
      "22-45": 2,
      "22-46": 1,
      "22-47": 1,
      "23-25": 6,
      "23-27": 3,
      "23-28": 4,
      "23-30": 4,
      "23-31": 1,
      "23-43": 2,
      "23-44": 5,
      "23-45": 4,
      "24-26": 4,
      "24-30": 1,
      "24-31": 4,
      "24-32": 2,
      "24-34": 3,
      "24-35": 1,
      "24-38": 4,
      "24-39": 2,
      "24-44": 2,
      "24-45": 2,
      "24-46": 5,
      "24-47": 4,
      "25-26": 1,
      "25-27": 2,
      "25-28": 4,
      "25-29": 4,
      "25-37": 3,
      "25-40": 5,
      "25-41": 3,
      "25-44": 5,
      "25-45": 5,
      "25-46": 3,
      "26-30": 4,
      "26-36": 4,
      "26-38": 2,
      "26-40": 2,
      "26-41": 7,
      "26-42": 4,
      "26-45": 6,
      "26-46": 4,
      "27-31": 2,
      "27-40": 4,
      "27-42": 2,
      "27-43": 6,
      "27-44": 4,
      "28-29": 1,
      "28-30": 1,
      "28-32": 6,
      "28-35": 6,
      "28-37": 1,
      "28-39": 6,
      "28-40": 1,
      "28-42": 4,
      "28-43": 4,
      "28-46": 3,
      "28-47": 6,
      "29-33": 3,
      "29-35": 1,
      "29-37": 1,
      "29-38": 2,
      "29-40": 2,
      "29-43": 5,
      "29-45": 2,
      "29-47": 2,
      "3-10": 4,
      "3-11": 4,
      "3-12": 2,
      "3-13": 4,
      "3-16": 3,
      "3-17": 2,
      "3-20": 5,
      "3-22": 3,
      "3-23": 4,
      "3-25": 8,
      "3-26": 3,
      "3-28": 8,
      "3-31": 4,
      "3-39": 2,
      "3-40": 6,
      "3-41": 2,
      "3-43": 2,
      "3-5": 2,
      "3-6": 5,
      "30-31": 1,
      "30-32": 2,
      "30-33": 2,
      "30-35": 4,
      "30-36": 5,
      "30-38": 1,
      "30-42": 1,
      "30-45": 2,
      "30-46": 4,
      "31-32": 4,
      "31-34": 1,
      "31-35": 10,
      "31-37": 2,